container_location_bay,container_location_tier,container_location_stack,block_id,appointment_start_time,appointment_end_time,container_id
34,1,2,R,4/27/2023 14:00,4/27/2023 15:00,BMOU673254
22,2,3,R,4/27/2023 13:00,4/27/2023 14:00,TGHU984575
50,2,5,R,5/27/2023 15:00,5/27/2023 17:00,HLBU257555
86,1,4,R,4/27/2023 18:00,4/27/2023 19:00,UACU850841
81,1,4,R,4/27/2023 18:00,4/27/2023 19:00,TCLU283258
50,2,5,R,5/27/2023 18:00,5/27/2023 19:00,HLBU257555
86,1,4,R,4/27/2023 21:00,4/27/2023 22:00,UACU850841
98,2,3,R,4/28/2023 1:00,4/28/2023 2:00,NIDU512021
14,1,2,R,4/28/2023 2:00,4/28/2023 3:00,XINU811813
78,1,5,R,5/28/2023 3:00,5/28/2023 5:00,UACU557511
110,1,2,R,4/28/2023 15:00,4/28/2023 16:00,YMMU668542
98,1,2,R,5/1/2023 16:00,5/1/2023 17:00,KKFU812961
38,1,2,R,5/1/2023 14:00,5/1/2023 15:00,TCLU599800
155,1,5,R,5/1/2023 17:00,5/1/2023 17:00,BMOU535028
166,1,5,R,5/2/2023 13:00,5/2/2023 14:00,CBHU958656
86,2,4,R,5/2/2023 15:00,5/2/2023 16:00,TCKU604490
170,2,3,R,5/3/2023 12:00,5/3/2023 13:00,FANU167415
58,2,4,R,5/2/2023 15:00,5/2/2023 16:00,UACU551344
70,3,3,R,5/2/2023 18:00,5/2/2023 19:00,TGHU617720
54,3,3,R,5/2/2023 15:00,5/2/2023 16:00,UACU539594
65,1,3,R,5/2/2023 16:00,5/2/2023 17:00,TCKU132835
52,1,5,R,5/2/2023 17:00,5/2/2023 17:00,TCNU669796
170,1,2,R,5/2/2023 17:00,5/2/2023 18:00,OOCU700312
65,2,3,R,5/2/2023 17:00,5/2/2023 18:00,TGBU235693
126,1,5,R,5/2/2023 17:00,5/2/2023 18:00,UACU537503
62,2,4,R,5/2/2023 17:00,5/2/2023 18:00,BEAU458765
158,1,4,R,5/2/2023 19:00,5/2/2023 20:00,FANU109454
82,2,4,R,5/2/2023 18:00,5/2/2023 19:00,HLBU256295
58,2,3,R,5/2/2023 19:00,5/2/2023 20:00,FANU125472
2,1,3,R,5/3/2023 11:00,5/3/2023 12:00,UACU575053
170,2,4,R,5/2/2023 19:00,5/2/2023 20:00,KKFU733142
126,1,5,R,5/2/2023 20:00,5/2/2023 21:00,UACU537503
134,1,4,R,5/2/2023 21:00,5/2/2023 22:00,HLBU278136
94,1,4,R,5/2/2023 22:00,5/2/2023 23:00,BEAU455054
90,2,3,R,5/2/2023 21:00,5/2/2023 22:00,HLBU323868
22,1,2,R,5/3/2023 14:00,5/3/2023 15:00,TGBU616654
26,2,5,R,5/3/2023 13:00,5/3/2023 14:00,YMLU592961
82,1,2,R,5/3/2023 15:00,5/3/2023 16:00,FSCU533178
38,1,2,R,5/3/2023 15:00,5/3/2023 16:00,TRHU600880
75,2,5,R,5/3/2023 15:00,5/3/2023 17:00,UACU605851
74,2,2,R,5/3/2023 17:00,5/3/2023 18:00,BEAU406673
90,2,5,R,5/3/2023 17:00,5/3/2023 18:00,SEKU558051
86,1,5,R,5/3/2023 17:00,5/3/2023 18:00,TLLU779193
110,3,4,R,5/3/2023 18:00,5/3/2023 19:00,CMAU659265
98,2,3,R,5/3/2023 18:00,5/3/2023 19:00,CMAU850571
114,2,4,R,5/3/2023 18:00,5/3/2023 19:00,TLLU480526
122,1,3,R,5/3/2023 16:00,5/3/2023 17:00,TEMU682578
34,1,2,R,5/3/2023 19:00,5/3/2023 20:00,CMAU766058
38,1,4,R,5/3/2023 19:00,5/3/2023 20:00,APZU453048
67,1,2,R,5/3/2023 16:00,5/3/2023 17:00,UACU357298
82,1,5,R,5/3/2023 20:00,5/3/2023 21:00,KKFU791209
22,1,2,R,5/3/2023 17:00,5/3/2023 18:00,TGBU616654
6,1,3,R,5/3/2023 18:00,5/3/2023 19:00,TRHU571306
90,2,2,R,5/3/2023 17:00,5/3/2023 18:00,SLSU804052
42,2,4,R,5/3/2023 17:00,5/3/2023 18:00,HLBU202108
46,2,4,R,5/3/2023 17:00,5/3/2023 18:00,TCKU782991
58,2,5,R,5/3/2023 17:00,5/3/2023 18:00,TCKU690726
30,1,2,R,5/3/2023 18:00,5/3/2023 19:00,TCKU690933
30,2,3,R,5/3/2023 19:00,5/3/2023 20:00,CMAU886142
82,1,4,R,5/3/2023 19:00,5/3/2023 20:00,CMAU515191
18,1,5,R,5/3/2023 19:00,5/3/2023 20:00,HLBU176657
10,2,4,R,5/4/2023 12:00,5/4/2023 13:00,TEMU656851
101,2,1,R,5/3/2023 20:00,5/3/2023 21:00,TRHU471597
38,2,4,R,5/4/2023 14:00,5/4/2023 15:00,HLBU208961
50,2,5,R,5/3/2023 20:00,5/3/2023 21:00,CMAU563038
94,3,2,R,5/3/2023 20:00,5/3/2023 21:00,TLLU425756
78,2,3,R,5/4/2023 11:00,5/4/2023 12:00,FANU168879
130,1,3,R,5/3/2023 20:00,5/3/2023 21:00,UACU554011
162,1,3,R,5/3/2023 20:00,5/3/2023 21:00,BMOU525732
90,2,4,R,5/4/2023 15:00,5/4/2023 16:00,OOLU675487
22,1,2,R,5/3/2023 20:00,5/3/2023 21:00,TGBU616654
22,1,5,R,5/3/2023 19:00,5/3/2023 20:00,HLXU531598
18,1,2,R,5/3/2023 20:00,5/3/2023 21:00,UACU525093
170,1,5,R,5/3/2023 20:00,5/3/2023 21:00,UACU550702
106,2,2,R,5/3/2023 20:00,5/3/2023 21:00,TCLU652201
6,1,2,R,5/3/2023 20:00,5/3/2023 21:00,TCNU859556
95,1,5,R,5/3/2023 20:00,5/3/2023 21:00,UACU571335
35,2,5,R,5/3/2023 21:00,5/3/2023 22:00,TCNU165051
114,1,4,R,5/4/2023 11:00,5/4/2023 12:00,HLBU165859
58,1,2,R,5/3/2023 22:00,5/3/2023 23:00,CAAU617421
6,1,4,R,5/3/2023 22:00,5/3/2023 23:00,CMAU629999
86,1,5,R,5/3/2023 21:00,5/3/2023 22:00,TLLU779193
30,1,2,R,5/3/2023 21:00,5/3/2023 22:00,TCKU690933
82,1,3,R,5/3/2023 21:00,5/3/2023 22:00,OOCU681581
174,1,3,R,5/3/2023 22:00,5/3/2023 23:00,CMAU731915
150,1,4,R,5/4/2023 1:00,5/4/2023 2:00,TCNU471420
142,2,4,R,5/4/2023 3:00,5/4/2023 4:00,TCKU968834
110,2,4,R,5/4/2023 10:00,5/4/2023 11:00,CMAU569967
58,1,4,R,5/4/2023 13:00,5/4/2023 14:00,UACU510365
90,1,2,R,5/3/2023 22:00,5/3/2023 23:00,TCLU670078
134,1,2,R,5/4/2023 11:00,5/4/2023 12:00,CMAU447399
22,1,4,R,5/3/2023 22:00,5/3/2023 23:00,CMAU664718
101,1,3,R,5/3/2023 22:00,5/3/2023 23:00,TRHU367823
6,1,5,R,5/3/2023 22:00,5/3/2023 23:00,CMAU357936
62,2,5,R,5/5/2023 15:00,5/5/2023 17:00,CMAU955129
26,2,2,R,5/3/2023 22:00,5/3/2023 23:00,TCLU635019
86,2,5,R,5/3/2023 22:00,5/3/2023 23:00,CMAU669695
52,1,5,R,5/3/2023 22:00,5/3/2023 23:00,CAAU625351
54,2,3,R,5/3/2023 22:00,5/3/2023 23:00,CAIU791536
6,1,2,R,5/3/2023 23:00,5/4/2023 0:00,TCNU859556
78,1,5,R,5/5/2023 11:00,5/5/2023 12:00,HLBU195251
150,1,2,R,5/4/2023 15:00,5/4/2023 16:00,OOLU931505
26,1,3,R,5/4/2023 13:00,5/4/2023 14:00,YMMU415933
10,1,4,R,5/4/2023 13:00,5/4/2023 14:00,CXDU167442
30,2,2,R,5/4/2023 14:00,5/4/2023 15:00,FSCU830194
34,2,3,R,5/4/2023 13:00,5/4/2023 14:00,UACU555459
90,3,4,R,5/4/2023 16:00,5/4/2023 17:00,CSNU756257
18,2,4,R,5/4/2023 14:00,5/4/2023 15:00,TGBU494167
6,1,3,R,5/4/2023 14:00,5/4/2023 15:00,BMOU404909
6,1,3,R,5/4/2023 14:00,5/4/2023 15:00,BMOU404909
38,1,4,R,5/4/2023 15:00,5/4/2023 16:00,CMAU672744
46,1,3,R,5/4/2023 16:00,5/4/2023 17:00,HLBU344688
30,2,3,R,5/4/2023 16:00,5/4/2023 17:00,HLBU257758
2,2,5,R,5/5/2023 17:00,5/5/2023 17:00,TLLU532993
6,2,5,R,5/5/2023 15:00,5/5/2023 17:00,TRHU832359
158,1,3,R,5/4/2023 15:00,5/4/2023 16:00,CMAU908763
130,1,2,R,5/4/2023 20:00,5/4/2023 21:00,BEAU415567
18,2,4,R,5/4/2023 15:00,5/4/2023 16:00,TGBU494167
150,1,4,R,5/5/2023 1:00,5/5/2023 2:00,TCNU471420
6,1,3,R,5/4/2023 15:00,5/4/2023 16:00,BMOU404909
101,1,2,R,5/4/2023 18:00,5/4/2023 19:00,TCLU286669
101,1,5,R,5/5/2023 18:00,5/5/2023 19:00,UACU389091
94,1,2,R,5/4/2023 17:00,5/4/2023 18:00,TCLU647743
18,1,2,R,5/4/2023 17:00,5/4/2023 18:00,UACU525093
26,1,3,R,5/4/2023 16:00,5/4/2023 17:00,YMMU415933
46,2,3,R,5/4/2023 16:00,5/4/2023 17:00,CMAU876952
42,1,3,R,5/4/2023 16:00,5/4/2023 17:00,FSCU879128
38,1,2,R,5/4/2023 16:00,5/4/2023 17:00,SEKU644117
6,1,5,R,5/5/2023 19:00,5/5/2023 20:00,CMAU357936
26,2,2,R,5/4/2023 18:00,5/4/2023 19:00,TCLU635019
52,1,5,R,5/5/2023 21:00,5/5/2023 22:00,CAAU625351
22,1,4,R,5/4/2023 20:00,5/4/2023 21:00,CMAU664718
30,1,2,R,5/4/2023 19:00,5/4/2023 20:00,BMOU640323
118,1,3,R,5/4/2023 17:00,5/4/2023 18:00,HLBU248586
30,2,5,R,5/5/2023 18:00,5/5/2023 19:00,SMLU792025
66,1,3,R,5/4/2023 18:00,5/4/2023 19:00,CMAU659149
56,1,5,R,5/5/2023 17:00,5/5/2023 18:00,HLBU310782
74,3,3,R,5/4/2023 19:00,5/4/2023 20:00,SEKU602293
50,1,3,R,5/5/2023 18:00,5/5/2023 19:00,BEAU478418
82,1,5,R,5/5/2023 18:00,5/5/2023 19:00,TCLU823353
10,1,4,R,5/4/2023 18:00,5/4/2023 19:00,CXDU167442
94,1,2,R,5/4/2023 20:00,5/4/2023 21:00,TCLU647743
18,2,4,R,5/4/2023 18:00,5/4/2023 19:00,TGBU494167
62,2,5,R,5/5/2023 18:00,5/5/2023 19:00,CMAU955129
22,1,3,R,5/4/2023 18:00,5/4/2023 19:00,HLBU131420
86,1,5,R,5/5/2023 18:00,5/5/2023 19:00,TCNU693287
38,1,4,R,5/5/2023 12:00,5/5/2023 13:00,CMAU672744
90,1,5,R,5/5/2023 19:00,5/5/2023 20:00,TEMU765135
106,1,5,R,5/5/2023 12:00,5/5/2023 13:00,HPCU533196
42,1,2,R,5/5/2023 14:00,5/5/2023 15:00,BMOU565159
46,1,3,R,5/4/2023 20:00,5/4/2023 21:00,HLBU344688
42,1,4,R,5/5/2023 14:00,5/5/2023 15:00,TCKU714862
82,2,4,R,5/4/2023 19:00,5/4/2023 20:00,FANU105787
38,1,5,R,5/5/2023 20:00,5/5/2023 21:00,HLBU211052
94,1,3,R,5/4/2023 21:00,5/4/2023 22:00,FANU130517
74,2,3,R,5/4/2023 20:00,5/4/2023 21:00,HLBU321293
115,1,5,R,5/5/2023 20:00,5/5/2023 21:00,HLBU309322
52,1,5,R,5/5/2023 21:00,5/5/2023 22:00,CAAU625351
66,1,3,R,5/5/2023 15:00,5/5/2023 16:00,CMAU659149
62,2,5,R,5/5/2023 21:00,5/5/2023 22:00,CMAU955129
2,2,4,R,5/4/2023 21:00,5/4/2023 22:00,UACU596169
2,1,4,R,5/4/2023 23:00,5/5/2023 0:00,HLBU222328
94,2,2,R,5/5/2023 15:00,5/5/2023 16:00,OOLU877761
26,2,4,R,5/4/2023 23:00,5/5/2023 0:00,TRHU715675
22,1,4,R,5/5/2023 0:00,5/5/2023 1:00,CMAU664718
52,1,5,R,5/5/2023 0:00,5/5/2023 1:00,CAAU625351
150,1,3,R,5/5/2023 19:00,5/5/2023 20:00,FCIU748551
74,1,4,R,5/5/2023 16:00,5/5/2023 17:00,TGBU631956
62,1,4,R,5/5/2023 15:00,5/5/2023 16:00,BSIU977892
18,1,3,R,5/5/2023 15:00,5/5/2023 16:00,NYKU442424
58,1,3,R,5/5/2023 14:00,5/5/2023 15:00,TCKU790155
106,1,5,R,5/5/2023 17:00,5/5/2023 17:00,HPCU533196
10,1,3,R,5/5/2023 17:00,5/5/2023 18:00,BMOU554114
2,1,5,R,5/5/2023 18:00,5/5/2023 19:00,UETU518290
123,1,5,R,5/5/2023 17:00,5/5/2023 17:00,HLXU150902
78,1,5,R,5/8/2023 15:00,5/8/2023 17:00,CMAU552135
101,3,1,JAX INTL,5/5/2023 18:00,5/5/2023 19:00,OOLU945218
150,1,4,R,5/5/2023 19:00,5/5/2023 20:00,TCNU471420
2,1,5,R,5/5/2023 19:00,5/5/2023 20:00,UETU518290
138,1,3,R,5/5/2023 19:00,5/5/2023 20:00,HLBU213515
70,1,4,R,5/8/2023 11:00,5/8/2023 12:00,TRHU539085
66,1,3,R,5/5/2023 19:00,5/5/2023 20:00,CMAU659149
174,1,2,R,5/5/2023 21:00,5/5/2023 22:00,TLLU510433
34,1,3,R,5/5/2023 21:00,5/5/2023 22:00,SEGU473307
110,1,4,R,5/5/2023 21:00,5/5/2023 22:00,TCKU645518
110,1,4,R,5/5/2023 21:00,5/5/2023 22:00,TCKU645518
50,1,3,R,5/5/2023 23:00,5/6/2023 0:00,BEAU478418
70,1,4,R,5/8/2023 11:00,5/8/2023 12:00,TRHU539085
62,1,3,R,5/6/2023 16:00,5/6/2023 17:00,ONEU002990
123,1,3,R,5/6/2023 15:00,5/6/2023 16:00,TEMU020816
30,1,4,R,5/6/2023 16:00,5/6/2023 17:00,TLLU473792
70,2,5,R,5/6/2023 18:00,5/6/2023 19:00,BEAU595651
165,1,4,R,5/6/2023 17:00,5/6/2023 18:00,CSLU183594
162,1,3,R,5/6/2023 21:00,5/6/2023 22:00,FFAU490065
26,1,4,R,5/7/2023 16:00,5/7/2023 17:00,CMAU940492
74,1,4,R,5/8/2023 12:00,5/8/2023 13:00,APHU649729
167,1,5,R,5/8/2023 20:00,5/8/2023 21:00,MAGU238678
167,1,2,R,5/9/2023 13:00,5/9/2023 14:00,UACU366133
174,1,3,R,5/8/2023 11:00,5/8/2023 12:00,CGMU539276
66,1,4,R,5/8/2023 12:00,5/8/2023 13:00,HLXU526949
18,1,5,R,5/8/2023 14:00,5/8/2023 15:00,CMAU798590
158,1,2,R,5/9/2023 14:00,5/9/2023 15:00,FFAU420848
66,1,2,R,5/8/2023 15:00,5/8/2023 16:00,CMAU725700
98,2,4,R,5/8/2023 15:00,5/8/2023 16:00,TGBU511156
26,3,5,R,5/8/2023 15:00,5/8/2023 17:00,CSNU706596
170,1,2,R,5/8/2023 15:00,5/8/2023 16:00,HAMU131090
145,1,3,R,5/8/2023 16:00,5/8/2023 17:00,HLXU105758
158,1,5,R,5/8/2023 17:00,5/8/2023 17:00,SMLU850056
86,2,3,R,5/8/2023 17:00,5/8/2023 18:00,TGBU607562
30,1,2,R,5/8/2023 16:00,5/8/2023 17:00,CMAU742489
165,1,5,R,5/8/2023 17:00,5/8/2023 17:00,BMOU109817
102,1,5,R,5/8/2023 17:00,5/8/2023 18:00,CSNU707555
90,1,5,R,5/8/2023 18:00,5/8/2023 19:00,TCLU896581
121,1,4,R,5/9/2023 12:00,5/9/2023 13:00,NIDU228569
38,2,5,R,5/8/2023 17:00,5/8/2023 18:00,CSNU659372
70,2,5,R,5/8/2023 17:00,5/8/2023 18:00,DFSU529516
86,1,5,R,5/8/2023 17:00,5/8/2023 18:00,CMAU683518
90,1,3,R,5/8/2023 17:00,5/8/2023 18:00,SGRU502174
94,1,2,R,5/8/2023 19:00,5/8/2023 20:00,CMAU598618
62,1,4,R,5/8/2023 17:00,5/8/2023 18:00,CMAU480395
98,2,4,R,5/8/2023 19:00,5/8/2023 20:00,TGBU511156
38,1,4,R,5/8/2023 18:00,5/8/2023 19:00,HLBU148199
130,1,5,R,5/8/2023 18:00,5/8/2023 19:00,FFAU210565
18,2,3,R,5/8/2023 18:00,5/8/2023 19:00,SEGU466021
102,1,2,R,5/8/2023 19:00,5/8/2023 20:00,OOLU437896
66,1,2,R,5/9/2023 17:00,5/9/2023 18:00,CMAU725700
54,1,4,R,5/8/2023 20:00,5/8/2023 21:00,FANU154879
38,1,5,R,5/8/2023 20:00,5/8/2023 21:00,HLXU655579
13,1,3,R,5/9/2023 10:00,5/9/2023 11:00,CDMU381991
165,1,5,R,5/8/2023 20:00,5/8/2023 21:00,BMOU109817
118,1,2,R,5/9/2023 14:00,5/9/2023 15:00,BEAU618587
106,1,2,R,5/8/2023 20:00,5/8/2023 21:00,OOCU739801
102,1,5,R,5/8/2023 20:00,5/8/2023 21:00,CSNU707555
173,1,2,R,5/9/2023 13:00,5/9/2023 14:00,CXRU107990
86,1,5,R,5/8/2023 22:00,5/8/2023 23:00,CMAU683518
121,1,5,R,5/9/2023 10:00,5/9/2023 11:00,HLXU151030
34,2,4,R,5/8/2023 21:00,5/8/2023 22:00,TRHU713204
70,1,2,R,5/8/2023 22:00,5/8/2023 23:00,HLBU341066
62,1,4,R,5/8/2023 21:00,5/8/2023 22:00,CMAU480395
138,1,2,R,5/9/2023 9:00,5/9/2023 10:00,TCKU644409
142,1,2,R,5/9/2023 14:00,5/9/2023 15:00,FANU128903
134,1,2,R,5/9/2023 11:00,5/9/2023 12:00,BMOU424614
98,1,2,R,5/8/2023 21:00,5/8/2023 22:00,SEKU588671
154,1,2,R,5/9/2023 11:00,5/9/2023 12:00,UACU577685
138,2,5,R,5/8/2023 22:00,5/8/2023 23:00,HLXU802268
123,1,2,R,5/9/2023 0:00,5/9/2023 1:00,YMMU118815
121,1,4,R,5/9/2023 0:00,5/9/2023 1:00,OOLU025497
30,1,4,R,5/9/2023 2:00,5/9/2023 3:00,UASU104893
75,2,5,R,5/9/2023 14:00,5/9/2023 15:00,FANU198839
138,1,3,R,5/9/2023 13:00,5/9/2023 14:00,HLBU314216
121,1,5,R,5/9/2023 13:00,5/9/2023 14:00,HLXU151030
86,2,4,R,5/9/2023 15:00,5/9/2023 16:00,APHU639756
49,2,3,R,5/9/2023 14:00,5/9/2023 15:00,CAIU650114
26,2,3,R,5/9/2023 16:00,5/9/2023 17:00,CMAU886710
70,1,4,R,5/9/2023 14:00,5/9/2023 15:00,HAMU129099
86,1,3,R,5/9/2023 14:00,5/9/2023 15:00,BMOU666100
54,1,3,R,5/9/2023 13:00,5/9/2023 14:00,HLBU166326
38,1,5,R,5/9/2023 13:00,5/9/2023 14:00,HLXU655579
26,1,5,R,5/9/2023 14:00,5/9/2023 15:00,HLBU338532
70,2,3,R,5/9/2023 14:00,5/9/2023 15:00,UACU832847
150,1,4,R,5/9/2023 14:00,5/9/2023 15:00,CXDU178681
42,1,2,R,5/9/2023 15:00,5/9/2023 16:00,GESU631778
15,2,4,R,5/9/2023 14:00,5/9/2023 15:00,OOLU178247
74,1,2,R,5/9/2023 14:00,5/9/2023 15:00,HLBU195150
34,1,3,R,5/9/2023 14:00,5/9/2023 15:00,YMMU412145
123,2,5,R,5/9/2023 14:00,5/9/2023 15:00,TLLU256815
65,1,3,R,5/9/2023 16:00,5/9/2023 17:00,FBIU047111
162,1,2,R,5/9/2023 14:00,5/9/2023 15:00,TCNU177191
54,1,2,R,5/9/2023 15:00,5/9/2023 16:00,GCXU587795
138,2,5,R,5/9/2023 14:00,5/9/2023 15:00,HLXU802268
54,1,4,R,5/9/2023 14:00,5/9/2023 15:00,FANU154879
38,1,3,R,5/9/2023 14:00,5/9/2023 15:00,TCLU597270
102,2,4,R,5/9/2023 15:00,5/9/2023 16:00,BEAU442970
26,1,3,R,5/9/2023 15:00,5/9/2023 16:00,CMAU798948
138,1,2,R,5/9/2023 15:00,5/9/2023 16:00,TCKU644409
134,1,2,R,5/9/2023 15:00,5/9/2023 16:00,BMOU424614
34,1,2,R,5/9/2023 15:00,5/9/2023 16:00,BSIU806306
98,1,3,R,5/9/2023 15:00,5/9/2023 16:00,FANU189243
142,1,4,R,5/9/2023 15:00,5/9/2023 16:00,OOCU868929
49,1,3,R,5/9/2023 15:00,5/9/2023 16:00,CAIU389782
51,1,3,R,5/9/2023 16:00,5/9/2023 17:00,SEGU362955
126,1,2,R,5/9/2023 15:00,5/9/2023 16:00,GLDU982075
58,1,3,R,5/9/2023 16:00,5/9/2023 17:00,GCXU592144
138,2,4,R,5/9/2023 16:00,5/9/2023 17:00,CMAU859353
110,1,5,R,5/9/2023 15:00,5/9/2023 17:00,CMAU895796
135,1,5,R,5/9/2023 15:00,5/9/2023 17:00,UACU589163
98,1,4,R,5/9/2023 16:00,5/9/2023 17:00,TCLU553053
158,1,5,R,5/9/2023 17:00,5/9/2023 17:00,SMLU850056
18,1,3,R,5/9/2023 16:00,5/9/2023 17:00,TGHU944987
106,2,4,R,5/9/2023 16:00,5/9/2023 17:00,TEMU765885
50,1,4,R,5/9/2023 16:00,5/9/2023 17:00,TCNU836648
30,1,5,R,5/9/2023 17:00,5/9/2023 17:00,FANU152789
30,2,3,R,5/9/2023 16:00,5/9/2023 17:00,UETU554014
15,1,4,R,5/9/2023 16:00,5/9/2023 17:00,TCKU365356
43,1,4,R,5/9/2023 16:00,5/9/2023 17:00,UACU412531
130,1,2,R,5/9/2023 16:00,5/9/2023 17:00,TGBU613306
41,2,3,R,5/9/2023 17:00,5/9/2023 18:00,YMLU348706
121,2,2,R,5/9/2023 17:00,5/9/2023 18:00,HLBU236249
13,2,4,R,5/9/2023 17:00,5/9/2023 18:00,OOLU219505
167,1,2,R,5/9/2023 17:00,5/9/2023 18:00,UACU366133
82,1,3,R,5/9/2023 17:00,5/9/2023 18:00,CMAU866755
2,1,2,R,5/9/2023 18:00,5/9/2023 19:00,TTNU838051
123,1,4,R,5/9/2023 17:00,5/9/2023 18:00,TGCU209934
46,1,4,R,5/9/2023 17:00,5/9/2023 18:00,TCNU138688
53,2,5,R,5/9/2023 17:00,5/9/2023 18:00,GLDU963156
118,2,4,R,5/9/2023 17:00,5/9/2023 18:00,CSLU617352
165,1,5,R,5/9/2023 17:00,5/9/2023 18:00,BMOU109817
115,2,5,R,5/9/2023 18:00,5/9/2023 19:00,CMAU875552
74,2,4,R,5/9/2023 18:00,5/9/2023 19:00,KOCU459368
138,1,5,R,5/9/2023 18:00,5/9/2023 19:00,UACU575317
150,1,2,R,5/9/2023 18:00,5/9/2023 19:00,TCLU836681
18,1,5,R,5/9/2023 18:00,5/9/2023 19:00,APHU652951
50,2,5,R,5/9/2023 20:00,5/9/2023 21:00,TCKU611821
78,2,4,R,5/9/2023 18:00,5/9/2023 19:00,KOCU429093
86,1,5,R,5/9/2023 17:00,5/9/2023 18:00,CMAU683518
138,2,5,R,5/9/2023 18:00,5/9/2023 19:00,HLXU802268
150,1,3,R,5/9/2023 18:00,5/9/2023 19:00,UASU100113
56,1,5,R,5/9/2023 18:00,5/9/2023 19:00,SEKU636390
94,1,4,R,5/9/2023 19:00,5/9/2023 20:00,FSCU823106
58,1,2,R,5/9/2023 18:00,5/9/2023 19:00,DFSU735806
82,2,4,R,5/9/2023 19:00,5/9/2023 20:00,GAOU634099
106,1,5,R,5/9/2023 19:00,5/9/2023 20:00,CMAU687707
130,2,3,R,5/9/2023 19:00,5/9/2023 20:00,TGBU674351
121,1,4,R,5/9/2023 18:00,5/9/2023 19:00,BSIU291915
66,1,4,R,5/9/2023 19:00,5/9/2023 20:00,KOCU494490
15,2,5,R,5/9/2023 18:00,5/9/2023 19:00,TEMU312955
94,1,4,R,5/9/2023 19:00,5/9/2023 20:00,FSCU823106
94,1,2,R,5/9/2023 18:00,5/9/2023 19:00,CMAU598618
30,1,3,R,5/9/2023 18:00,5/9/2023 19:00,TCNU178588
2,1,2,R,5/9/2023 18:00,5/9/2023 19:00,TTNU838051
30,1,4,R,5/9/2023 20:00,5/9/2023 21:00,UASU104893
126,1,4,R,5/9/2023 19:00,5/9/2023 20:00,FANU310132
126,1,3,R,5/9/2023 19:00,5/9/2023 20:00,GLDU998458
51,1,5,R,5/9/2023 19:00,5/9/2023 20:00,CAIU665598
123,1,5,R,5/9/2023 19:00,5/9/2023 20:00,XINU116227
65,1,3,R,5/9/2023 19:00,5/9/2023 20:00,FBIU047111
21,1,2,R,5/9/2023 19:00,5/9/2023 20:00,TEMU477089
78,2,3,R,5/9/2023 19:00,5/9/2023 20:00,TCNU727014
130,1,3,R,5/9/2023 19:00,5/9/2023 20:00,CAIU846143
115,1,5,R,5/9/2023 21:00,5/9/2023 22:00,BHCU502151
49,1,2,R,5/9/2023 20:00,5/9/2023 21:00,CAIU649199
142,2,4,R,5/9/2023 20:00,5/9/2023 21:00,SEKU573982
46,2,3,R,5/10/2023 12:00,5/10/2023 13:00,FCIU866656
134,2,4,R,5/9/2023 20:00,5/9/2023 21:00,TLLU427761
53,1,5,R,5/9/2023 20:00,5/9/2023 21:00,HLXU355551
75,1,5,R,5/9/2023 20:00,5/9/2023 21:00,TGHU603251
106,1,3,R,5/10/2023 11:00,5/10/2023 12:00,BEAU610381
150,2,4,R,5/9/2023 21:00,5/9/2023 22:00,HLBU252980
58,1,5,R,5/10/2023 0:00,5/10/2023 1:00,HLBU207300
70,1,5,R,5/9/2023 20:00,5/9/2023 21:00,FANU115168
145,1,2,R,5/9/2023 21:00,5/9/2023 22:00,TEMU130067
2,1,4,R,5/9/2023 21:00,5/9/2023 22:00,TTNU883946
118,2,5,R,5/10/2023 0:00,5/10/2023 1:00,TLLU767518
175,1,5,R,5/9/2023 21:00,5/9/2023 22:00,TTNU826802
15,2,3,R,5/9/2023 21:00,5/9/2023 22:00,CSNU186638
23,1,5,R,5/10/2023 2:00,5/10/2023 3:00,TGBU206308
167,1,4,R,5/10/2023 1:00,5/10/2023 2:00,SEGU137554
46,2,2,R,5/10/2023 0:00,5/10/2023 1:00,GAOU635742
56,2,5,R,5/9/2023 22:00,5/9/2023 23:00,HDMU672529
13,1,5,R,5/9/2023 22:00,5/9/2023 23:00,HASU117359
106,1,4,R,5/9/2023 22:00,5/9/2023 23:00,HLXU831208
13,2,5,R,5/9/2023 22:00,5/9/2023 23:00,OOLU078531
13,1,4,R,5/10/2023 0:00,5/10/2023 1:00,TTNU126068
150,1,5,R,5/9/2023 22:00,5/9/2023 23:00,OOCU653333
26,1,4,R,5/10/2023 0:00,5/10/2023 1:00,APHU666616
2,1,5,R,5/10/2023 1:00,5/10/2023 2:00,SEKU925969
23,1,3,R,5/10/2023 2:00,5/10/2023 3:00,HLBU144457
167,2,3,R,5/10/2023 6:00,5/10/2023 7:00,UACU416972
167,1,3,R,5/10/2023 9:00,5/10/2023 10:00,UACU374493
70,1,3,R,5/10/2023 12:00,5/10/2023 13:00,GESU641739
21,1,4,R,5/10/2023 13:00,5/10/2023 14:00,GESU104352
106,1,5,R,5/10/2023 14:00,5/10/2023 15:00,CMAU687707
155,2,5,R,5/10/2023 13:00,5/10/2023 14:00,OOCU685577
174,1,4,R,5/10/2023 13:00,5/10/2023 14:00,CGMU539627
38,1,3,R,5/10/2023 14:00,5/10/2023 15:00,TXGU713013
38,2,5,R,5/10/2023 14:00,5/10/2023 15:00,TGBU550565
2,1,3,R,5/10/2023 13:00,5/10/2023 14:00,TTNU829523
82,1,5,R,5/10/2023 14:00,5/10/2023 15:00,TGHU672863
102,1,2,R,5/10/2023 14:00,5/10/2023 15:00,TLLU437828
130,1,2,R,5/10/2023 14:00,5/10/2023 15:00,TCNU837476
62,1,2,R,5/10/2023 14:00,5/10/2023 15:00,FDCU013278
165,1,4,R,5/10/2023 14:00,5/10/2023 15:00,HLBU275467
74,1,4,R,5/10/2023 14:00,5/10/2023 15:00,OOCU713826
78,2,4,R,5/10/2023 17:00,5/10/2023 18:00,DFSU749875
74,2,3,R,5/10/2023 14:00,5/10/2023 15:00,TEMU720749
15,1,3,R,5/10/2023 14:00,5/10/2023 15:00,FANU134612
170,1,5,R,5/10/2023 14:00,5/10/2023 15:00,CMAU525627
130,1,3,R,5/10/2023 14:00,5/10/2023 15:00,OOLU986947
50,1,3,R,5/10/2023 14:00,5/10/2023 15:00,SEGU512384
154,1,2,R,5/10/2023 14:00,5/10/2023 15:00,CSNU632890
54,1,4,R,5/10/2023 16:00,5/10/2023 17:00,UACU547897
38,1,2,R,5/10/2023 15:00,5/10/2023 16:00,CMAU927153
167,1,5,R,5/10/2023 15:00,5/10/2023 17:00,CBHU539627
121,1,2,R,5/10/2023 15:00,5/10/2023 16:00,CMAU045159
34,2,4,R,5/10/2023 15:00,5/10/2023 16:00,TRHU680877
86,1,4,R,5/10/2023 15:00,5/10/2023 16:00,UETU546109
102,1,4,R,5/10/2023 15:00,5/10/2023 16:00,HLBU192119
98,1,5,R,5/10/2023 15:00,5/10/2023 17:00,TGHU627539
70,1,2,R,5/10/2023 15:00,5/10/2023 16:00,TRHU515492
121,2,3,R,5/10/2023 16:00,5/10/2023 17:00,HLXU102399
134,1,4,R,5/10/2023 16:00,5/10/2023 17:00,UACU544251
23,1,2,R,5/10/2023 15:00,5/10/2023 16:00,FANU133796
155,1,5,R,5/10/2023 17:00,5/10/2023 17:00,BEAU555307
2,1,3,R,5/10/2023 16:00,5/10/2023 17:00,TTNU829523
21,1,5,R,5/10/2023 17:00,5/10/2023 17:00,UACU367065
165,1,4,R,5/10/2023 16:00,5/10/2023 17:00,HLBU275467
82,2,2,R,5/10/2023 17:00,5/10/2023 18:00,TCNU491376
34,1,4,R,5/10/2023 16:00,5/10/2023 17:00,UACU575696
150,1,4,R,5/10/2023 16:00,5/10/2023 17:00,BMOU501733
41,1,3,R,5/11/2023 10:00,5/11/2023 11:00,SEGU288743
35,1,5,R,5/10/2023 17:00,5/10/2023 17:00,TEMU825531
54,2,4,R,5/10/2023 16:00,5/10/2023 17:00,BMOU657223
152,2,5,R,5/10/2023 17:00,5/10/2023 18:00,HLXU803015
154,2,3,R,5/10/2023 17:00,5/10/2023 18:00,FANU315197
98,1,3,R,5/10/2023 20:00,5/10/2023 21:00,FDCU048221
46,2,3,R,5/10/2023 17:00,5/10/2023 18:00,FCIU866656
62,1,2,R,5/10/2023 17:00,5/10/2023 18:00,FDCU013278
114,1,4,R,5/10/2023 18:00,5/10/2023 19:00,UACU534662
119,1,2,R,5/10/2023 17:00,5/10/2023 18:00,CMAU162816
23,1,4,R,5/10/2023 18:00,5/10/2023 19:00,UACU412845
38,2,4,R,5/10/2023 18:00,5/10/2023 19:00,TCLU796962
162,1,4,R,5/10/2023 17:00,5/10/2023 18:00,OOCU704926
13,1,5,R,5/10/2023 17:00,5/10/2023 18:00,HASU117359
126,1,2,R,5/10/2023 17:00,5/10/2023 18:00,FANU301591
165,1,3,R,5/10/2023 18:00,5/10/2023 19:00,TCKU161793
62,1,3,R,5/10/2023 19:00,5/10/2023 20:00,OOLU990772
106,1,5,R,5/10/2023 18:00,5/10/2023 19:00,CMAU687707
6,1,2,R,5/10/2023 18:00,5/10/2023 19:00,CGMU552125
65,1,3,R,5/10/2023 17:00,5/10/2023 18:00,FBIU047111
130,1,3,R,5/10/2023 18:00,5/10/2023 19:00,CAIU846143
167,1,2,R,5/10/2023 18:00,5/10/2023 19:00,UACU366133
2,1,5,R,5/10/2023 18:00,5/10/2023 19:00,SEKU925969
167,1,3,R,5/10/2023 18:00,5/10/2023 19:00,UACU374493
10,1,2,R,5/10/2023 19:00,5/10/2023 20:00,CGMU540581
165,1,4,R,5/10/2023 18:00,5/10/2023 19:00,HLBU275467
145,1,2,R,5/10/2023 19:00,5/10/2023 20:00,NYKU378456
2,1,3,R,5/10/2023 19:00,5/10/2023 20:00,TTNU829523
162,1,2,R,5/10/2023 20:00,5/10/2023 21:00,TGBU489598
13,1,5,R,5/10/2023 20:00,5/10/2023 21:00,HASU117359
114,1,3,R,5/10/2023 21:00,5/10/2023 22:00,CMAU946193
13,1,2,R,5/10/2023 20:00,5/10/2023 21:00,FBIU012340
15,1,5,R,5/10/2023 20:00,5/10/2023 21:00,BMOU153598
55,2,5,R,5/10/2023 21:00,5/10/2023 22:00,HLBU155683
38,1,5,R,5/10/2023 21:00,5/10/2023 22:00,HLBU117311
6,1,5,R,5/10/2023 21:00,5/10/2023 22:00,FBIU508136
38,1,4,R,5/10/2023 21:00,5/10/2023 22:00,APHU685017
157,1,2,R,5/10/2023 22:00,5/10/2023 23:00,FBIU012343
13,1,4,R,5/10/2023 22:00,5/10/2023 23:00,TTNU126068
18,2,4,R,5/11/2023 13:00,5/11/2023 14:00,BMOU610244
118,2,3,R,5/10/2023 22:00,5/10/2023 23:00,APHU737309
106,1,3,R,5/10/2023 22:00,5/10/2023 23:00,BEAU610381
98,1,3,R,5/11/2023 0:00,5/11/2023 1:00,FDCU048221
102,1,5,R,5/11/2023 1:00,5/11/2023 2:00,BMOU550755
106,1,2,R,5/11/2023 1:00,5/11/2023 2:00,UACU535207
130,1,5,R,5/11/2023 3:00,5/11/2023 5:00,TCNU895605
130,2,5,R,5/11/2023 3:00,5/11/2023 5:00,SEKU636291
90,1,5,R,5/11/2023 5:00,5/11/2023 5:00,GAOU653317
98,1,3,R,5/11/2023 3:00,5/11/2023 4:00,FDCU048221
21,1,3,R,5/11/2023 4:00,5/11/2023 5:00,HLXU129683
142,1,3,R,5/11/2023 14:00,5/11/2023 15:00,HLXU856986
30,2,2,R,5/11/2023 14:00,5/11/2023 15:00,HLXU824017
145,1,2,R,5/11/2023 14:00,5/11/2023 15:00,NYKU378456
58,1,4,R,5/11/2023 14:00,5/11/2023 15:00,HLXU565879
26,2,2,R,5/11/2023 14:00,5/11/2023 15:00,SEGU486096
102,1,5,R,5/11/2023 13:00,5/11/2023 14:00,BMOU550755
6,1,2,R,5/11/2023 13:00,5/11/2023 14:00,CGMU552125
130,1,5,R,5/11/2023 15:00,5/11/2023 17:00,TCNU895605
13,1,5,R,5/11/2023 13:00,5/11/2023 14:00,HASU117359
106,1,3,R,5/11/2023 12:00,5/11/2023 13:00,BEAU610381
82,1,4,R,5/11/2023 15:00,5/11/2023 16:00,CXDU113674
18,1,3,R,5/11/2023 16:00,5/11/2023 17:00,CMAU921564
110,1,2,R,5/11/2023 16:00,5/11/2023 17:00,HLBU800654
114,1,4,R,5/11/2023 16:00,5/11/2023 17:00,CMAU682967
126,1,4,R,5/11/2023 17:00,5/11/2023 18:00,CSNU670796
166,1,3,R,5/11/2023 19:00,5/11/2023 20:00,CMAU917160
58,1,3,R,5/11/2023 18:00,5/11/2023 19:00,TLLU531002
158,1,3,R,5/11/2023 18:00,5/11/2023 19:00,FFAU419569
130,1,4,R,5/11/2023 19:00,5/11/2023 20:00,HLXU833030
15,1,3,R,5/12/2023 12:00,5/12/2023 13:00,BMOU217955
18,2,3,R,5/12/2023 11:00,5/12/2023 12:00,CCLU749639
46,1,3,R,5/11/2023 21:00,5/11/2023 22:00,TXGU681493
142,1,2,R,5/11/2023 22:00,5/11/2023 23:00,TGHU981569
10,1,4,R,5/12/2023 12:00,5/12/2023 13:00,FSCU712900
6,1,3,R,5/11/2023 23:00,5/12/2023 0:00,BEAU970095
6,1,4,R,5/11/2023 23:00,5/12/2023 0:00,BEAU970015
154,1,3,R,5/12/2023 14:00,5/12/2023 15:00,TCNU376709
115,1,5,R,5/12/2023 15:00,5/12/2023 17:00,CXDU167712
10,1,3,R,5/12/2023 3:00,5/12/2023 4:00,CGMU562004
82,1,5,R,5/12/2023 13:00,5/12/2023 14:00,CMAU565555
6,1,5,R,5/12/2023 13:00,5/12/2023 14:00,GAOU679539
54,1,2,R,5/12/2023 14:00,5/12/2023 15:00,GCXU537471
62,1,3,R,5/12/2023 14:00,5/12/2023 15:00,SEKU635369
54,1,4,R,5/12/2023 14:00,5/12/2023 15:00,CMAU697007
50,1,4,R,5/12/2023 14:00,5/12/2023 15:00,CAIU966095
58,1,2,R,5/12/2023 14:00,5/12/2023 15:00,CMAU944929
26,1,4,R,5/12/2023 15:00,5/12/2023 16:00,FFAU153160
30,1,4,R,5/12/2023 14:00,5/12/2023 15:00,CAAU618354
150,1,3,R,5/12/2023 12:00,5/12/2023 13:00,FANU105621
66,2,3,R,5/12/2023 13:00,5/12/2023 14:00,APHU717182
86,2,3,R,5/12/2023 13:00,5/12/2023 14:00,CMAU456520
158,1,2,R,5/12/2023 13:00,5/12/2023 14:00,CMAU517620
106,1,4,R,5/12/2023 15:00,5/12/2023 16:00,APHU691821
13,1,4,R,5/12/2023 13:00,5/12/2023 14:00,BMOU152019
22,1,3,R,5/12/2023 13:00,5/12/2023 14:00,HMMU649938
18,2,3,R,5/12/2023 13:00,5/12/2023 14:00,KOCU441246
18,1,3,R,5/12/2023 13:00,5/12/2023 14:00,CAIU722919
18,2,4,R,5/12/2023 14:00,5/12/2023 15:00,TCLU805969
90,2,3,R,5/12/2023 17:00,5/12/2023 18:00,CSNU809521
10,1,2,R,5/12/2023 14:00,5/12/2023 15:00,BMOU471582
146,2,2,R,5/12/2023 17:00,5/12/2023 18:00,CSNU800176
54,1,3,R,5/12/2023 14:00,5/12/2023 15:00,HLBU166326
74,1,4,R,5/12/2023 14:00,5/12/2023 15:00,CMAU747839
146,1,3,R,5/12/2023 14:00,5/12/2023 15:00,TCKU644467
34,2,4,R,5/12/2023 14:00,5/12/2023 15:00,FCIU704481
50,1,3,R,5/12/2023 14:00,5/12/2023 15:00,TRHU828819
106,1,3,R,5/12/2023 14:00,5/12/2023 15:00,CMAU597324
166,1,5,R,5/12/2023 14:00,5/12/2023 15:00,HLBU183258
70,1,4,R,5/12/2023 15:00,5/12/2023 16:00,CMAU893633
122,1,3,R,5/12/2023 16:00,5/12/2023 17:00,HLBU123300
6,1,3,R,5/12/2023 14:00,5/12/2023 15:00,HLBU250556
118,1,5,R,5/12/2023 15:00,5/12/2023 17:00,CMAU772532
56,2,5,R,5/12/2023 15:00,5/12/2023 17:00,HLBU326825
78,2,5,R,5/12/2023 15:00,5/12/2023 17:00,FFAU518065
122,1,5,R,5/12/2023 15:00,5/12/2023 17:00,BMOU606582
142,1,4,R,5/12/2023 15:00,5/12/2023 16:00,FSCU999036
22,1,5,R,5/12/2023 17:00,5/12/2023 17:00,TCLU159875
13,1,3,R,5/12/2023 16:00,5/12/2023 17:00,BMOU110341
15,1,3,R,5/12/2023 16:00,5/12/2023 17:00,BMOU217955
66,1,2,R,5/12/2023 17:00,5/12/2023 18:00,FANU141667
150,1,5,R,5/12/2023 19:00,5/12/2023 20:00,CMAU656155
38,1,5,R,5/12/2023 17:00,5/12/2023 17:00,FFAU121582
114,2,3,R,5/12/2023 16:00,5/12/2023 17:00,TRHU554201
75,1,5,R,5/12/2023 17:00,5/12/2023 17:00,CMAU930051
78,1,5,R,5/12/2023 17:00,5/12/2023 17:00,BEAU615529
22,2,3,R,5/12/2023 17:00,5/12/2023 18:00,CAIU446321
166,1,2,R,5/12/2023 18:00,5/12/2023 19:00,CMAU418831
86,1,3,R,5/12/2023 18:00,5/12/2023 19:00,TRHU811110
74,2,3,R,5/12/2023 17:00,5/12/2023 18:00,CMAU426058
70,1,3,R,5/12/2023 17:00,5/12/2023 18:00,APZU462378
86,2,3,R,5/12/2023 17:00,5/12/2023 18:00,CMAU456520
10,1,4,R,5/12/2023 17:00,5/12/2023 18:00,FSCU712900
70,1,2,R,5/12/2023 17:00,5/12/2023 18:00,TTNU499204
166,1,4,R,5/12/2023 18:00,5/12/2023 19:00,HLBU209153
154,1,3,R,5/12/2023 17:00,5/12/2023 18:00,TCNU376709
121,1,4,R,5/12/2023 17:00,5/12/2023 18:00,NIDU228569
158,1,4,R,5/12/2023 17:00,5/12/2023 18:00,HLBU280345
26,1,4,R,5/12/2023 18:00,5/12/2023 19:00,FFAU153160
82,1,5,R,5/12/2023 18:00,5/12/2023 19:00,CMAU565555
118,1,5,R,5/12/2023 18:00,5/12/2023 19:00,CMAU772532
66,1,5,R,5/12/2023 18:00,5/12/2023 19:00,SMLU852376
38,1,3,R,5/13/2023 1:00,5/13/2023 2:00,TCNU589192
15,1,4,R,5/12/2023 18:00,5/12/2023 19:00,FSCU771342
122,1,3,R,5/12/2023 19:00,5/12/2023 20:00,HLBU123300
22,1,4,R,5/12/2023 19:00,5/12/2023 20:00,KOCU485902
34,1,2,R,5/12/2023 19:00,5/12/2023 20:00,HLBU251122
38,1,2,R,5/13/2023 19:00,5/13/2023 20:00,TCNU987143
51,1,5,R,5/15/2023 13:00,5/15/2023 14:00,UACU505182
78,2,4,R,5/12/2023 20:00,5/12/2023 21:00,TCKU665958
50,1,2,R,5/12/2023 20:00,5/12/2023 21:00,FANU182880
93,1,5,R,5/12/2023 21:00,5/12/2023 22:00,TCKU271337
135,1,5,R,5/15/2023 12:00,5/15/2023 13:00,TRLU873893
58,1,4,R,5/12/2023 20:00,5/12/2023 21:00,TRHU560183
10,1,5,R,5/12/2023 21:00,5/12/2023 22:00,HLBU205031
134,2,3,R,5/12/2023 21:00,5/12/2023 22:00,FCLU940465
56,1,5,R,5/12/2023 21:00,5/12/2023 22:00,CMAU932161
57,1,5,R,5/15/2023 12:00,5/15/2023 13:00,UACU370171
154,1,4,R,5/13/2023 10:00,5/13/2023 11:00,HLBU179528
26,2,2,R,5/12/2023 21:00,5/12/2023 22:00,TCLU912609
66,1,3,R,5/12/2023 22:00,5/12/2023 23:00,APZU482847
86,1,4,R,5/13/2023 9:00,5/13/2023 10:00,HLXU527733
166,1,2,R,5/12/2023 22:00,5/12/2023 23:00,CMAU418831
26,1,5,R,5/12/2023 23:00,5/13/2023 0:00,ONEU018555
122,1,3,R,5/13/2023 14:00,5/13/2023 15:00,HLBU123300
22,2,5,R,5/13/2023 0:00,5/13/2023 1:00,KOCU561135
173,1,5,R,5/12/2023 22:00,5/12/2023 23:00,CAIU650779
95,1,5,R,5/12/2023 22:00,5/12/2023 23:00,CAIU307373
154,1,4,R,5/13/2023 16:00,5/13/2023 17:00,HLBU179528
30,1,3,R,5/13/2023 15:00,5/13/2023 16:00,TCLU567792
166,1,3,R,5/13/2023 18:00,5/13/2023 19:00,TCKU453246
158,1,5,R,5/13/2023 15:00,5/13/2023 17:00,TGHU503010
46,1,4,R,5/13/2023 16:00,5/13/2023 17:00,TCNU691486
86,1,4,R,5/13/2023 18:00,5/13/2023 19:00,BEAU529280
86,2,4,R,5/13/2023 21:00,5/13/2023 22:00,TLLU549351
35,1,5,R,5/13/2023 22:00,5/13/2023 23:00,MOTU150769
170,1,2,R,5/14/2023 13:00,5/14/2023 14:00,TTNU891728
174,1,3,R,5/14/2023 13:00,5/14/2023 14:00,TTNU887672
138,1,2,R,5/14/2023 13:00,5/14/2023 14:00,BEAU467623
66,2,4,R,5/14/2023 17:00,5/14/2023 18:00,NYKU079169
74,2,4,R,5/14/2023 21:00,5/14/2023 22:00,SEGU477130
150,1,3,R,5/15/2023 14:00,5/15/2023 15:00,CMAU647653
90,1,5,R,5/15/2023 17:00,5/15/2023 17:00,ECMU960112
56,2,5,R,5/15/2023 17:00,5/15/2023 17:00,CMAU575183
66,2,4,R,5/14/2023 21:00,5/14/2023 22:00,NYKU079169
90,1,2,R,5/15/2023 12:00,5/15/2023 13:00,HLXU814732
94,2,3,R,5/15/2023 13:00,5/15/2023 14:00,HAMU122125
110,1,3,R,5/15/2023 13:00,5/15/2023 14:00,CAAU557017
138,1,3,R,5/15/2023 13:00,5/15/2023 14:00,CMAU931747
102,1,3,R,5/15/2023 13:00,5/15/2023 14:00,HLBU169450
106,1,3,R,5/15/2023 13:00,5/15/2023 14:00,HLBU276294
138,1,3,R,5/15/2023 13:00,5/15/2023 14:00,CMAU931747
71,1,3,R,5/15/2023 14:00,5/15/2023 15:00,HLXU329872
170,1,5,R,5/15/2023 15:00,5/15/2023 17:00,SEKU928659
46,1,2,R,5/15/2023 14:00,5/15/2023 15:00,CMAU748508
54,1,4,R,5/15/2023 13:00,5/15/2023 14:00,TEMU795741
15,1,5,R,5/15/2023 14:00,5/15/2023 15:00,CAIU667882
118,1,5,R,5/15/2023 15:00,5/15/2023 17:00,CMAU937925
90,3,3,R,5/15/2023 14:00,5/15/2023 15:00,HLBU212470
15,1,2,R,5/15/2023 14:00,5/15/2023 15:00,TGHU129094
134,1,3,R,5/15/2023 13:00,5/15/2023 14:00,TCLU152197
42,1,2,R,5/15/2023 14:00,5/15/2023 15:00,CAAU532573
110,2,5,R,5/15/2023 15:00,5/15/2023 17:00,CMAU556399
123,1,2,R,5/15/2023 16:00,5/15/2023 17:00,RMCU263861
118,1,5,R,5/15/2023 14:00,5/15/2023 15:00,TCLU185927
86,5,5,R,5/15/2023 17:00,5/15/2023 17:00,OOCU711850
166,1,2,R,5/15/2023 14:00,5/15/2023 15:00,TRHU628156
122,1,2,R,5/15/2023 14:00,5/15/2023 15:00,CMAU625723
114,2,4,R,5/15/2023 14:00,5/15/2023 15:00,CMAU935293
126,1,3,R,5/15/2023 15:00,5/15/2023 16:00,SEKU560889
66,2,4,R,5/15/2023 15:00,5/15/2023 16:00,FFAU348402
150,1,4,R,5/15/2023 15:00,5/15/2023 16:00,UACU587950
22,3,2,R,5/15/2023 16:00,5/15/2023 17:00,CMAU709902
142,1,2,R,5/15/2023 14:00,5/15/2023 15:00,TXGU713672
156,1,5,R,5/15/2023 14:00,5/15/2023 15:00,SEGU561711
42,2,2,R,5/15/2023 16:00,5/15/2023 17:00,FANU301052
155,2,5,R,5/15/2023 15:00,5/15/2023 17:00,BEAU562575
110,1,4,R,5/15/2023 15:00,5/15/2023 16:00,GESU669665
158,1,3,R,5/15/2023 15:00,5/15/2023 16:00,APHU665368
50,2,2,R,5/15/2023 16:00,5/15/2023 17:00,CMAU925746
51,1,5,R,5/15/2023 17:00,5/15/2023 17:00,UACU505182
138,1,5,R,5/15/2023 15:00,5/15/2023 17:00,APZU578656
22,1,2,R,5/15/2023 17:00,5/15/2023 18:00,UACU852371
170,1,3,R,5/15/2023 17:00,5/15/2023 18:00,SEKU901196
86,1,4,R,5/15/2023 17:00,5/15/2023 18:00,FANU169652
142,2,2,R,5/15/2023 17:00,5/15/2023 18:00,UACU517944
53,1,5,R,5/15/2023 17:00,5/15/2023 18:00,HLXU358292
15,1,4,R,5/15/2023 16:00,5/15/2023 17:00,FSCU771342
134,1,4,R,5/15/2023 18:00,5/15/2023 19:00,TGBU513943
90,3,4,R,5/15/2023 20:00,5/15/2023 21:00,YMMU606492
54,3,2,R,5/15/2023 18:00,5/15/2023 19:00,YMLU874389
69,1,4,R,5/15/2023 18:00,5/15/2023 19:00,CARU372202
150,1,2,R,5/15/2023 17:00,5/15/2023 18:00,CMAU544350
174,2,3,R,5/15/2023 17:00,5/15/2023 18:00,CMAU686786
34,1,4,R,5/15/2023 19:00,5/15/2023 20:00,TRLU738320
10,1,4,R,5/15/2023 18:00,5/15/2023 19:00,UACU579512
2,1,5,R,5/15/2023 18:00,5/15/2023 19:00,FANU167388
26,1,5,R,5/15/2023 18:00,5/15/2023 19:00,NIDU513051
154,1,2,R,5/15/2023 18:00,5/15/2023 19:00,TGBU607306
90,1,5,R,5/15/2023 19:00,5/15/2023 20:00,ECMU960112
86,2,2,R,5/15/2023 18:00,5/15/2023 19:00,UACU594079
15,1,4,R,5/15/2023 18:00,5/15/2023 19:00,FSCU771342
6,1,2,R,5/15/2023 19:00,5/15/2023 20:00,BSIU955720
10,1,2,R,5/15/2023 19:00,5/15/2023 20:00,CAIU852403
170,1,4,R,5/15/2023 22:00,5/15/2023 23:00,CGMU550745
134,1,3,R,5/15/2023 18:00,5/15/2023 19:00,TCLU152197
86,1,3,R,5/15/2023 19:00,5/15/2023 20:00,CAAU632310
162,2,5,R,5/15/2023 19:00,5/15/2023 20:00,TRHU870691
38,1,5,R,5/15/2023 20:00,5/15/2023 21:00,CMAU526891
86,5,5,R,5/15/2023 19:00,5/15/2023 20:00,OOCU711850
155,1,5,R,5/15/2023 20:00,5/15/2023 21:00,HLBU317282
126,2,2,R,5/15/2023 20:00,5/15/2023 21:00,CMAU895461
56,2,5,R,5/15/2023 20:00,5/15/2023 21:00,CMAU575183
162,1,3,R,5/15/2023 19:00,5/15/2023 20:00,HCIU802203
6,1,2,R,5/16/2023 13:00,5/16/2023 14:00,BSIU955720
10,1,2,R,5/16/2023 13:00,5/16/2023 14:00,CAIU852403
58,1,3,R,5/15/2023 20:00,5/15/2023 21:00,CAAU555120
98,1,5,R,5/16/2023 0:00,5/16/2023 1:00,UACU525278
154,1,2,R,5/16/2023 1:00,5/16/2023 2:00,SEKU576736
71,1,3,R,5/16/2023 9:00,5/16/2023 10:00,HLXU329872
26,1,4,R,5/15/2023 23:00,5/16/2023 0:00,UACU555910
82,2,5,R,5/16/2023 2:00,5/16/2023 3:00,TTNU559729
15,1,4,R,5/15/2023 22:00,5/15/2023 23:00,FSCU771342
174,1,4,R,5/16/2023 1:00,5/16/2023 2:00,SEKU906060
82,1,4,R,5/16/2023 1:00,5/16/2023 2:00,HLBU185952
170,1,4,R,5/16/2023 0:00,5/16/2023 1:00,CGMU550745
162,1,2,R,5/16/2023 2:00,5/16/2023 3:00,TLLU859372
26,2,3,R,5/16/2023 3:00,5/16/2023 4:00,TEMU694352
26,2,3,R,5/16/2023 9:00,5/16/2023 10:00,TEMU694352
58,1,2,R,5/16/2023 11:00,5/16/2023 12:00,TCNU185967
123,1,2,R,5/16/2023 11:00,5/16/2023 12:00,RMCU263861
69,1,2,R,5/16/2023 13:00,5/16/2023 14:00,MAGU235418
35,2,5,R,5/16/2023 13:00,5/16/2023 14:00,CMAU937325
66,3,3,R,5/16/2023 13:00,5/16/2023 14:00,TIIU406839
74,1,4,R,5/16/2023 13:00,5/16/2023 14:00,TRHU463412
57,1,5,R,5/16/2023 13:00,5/16/2023 14:00,UACU370171
158,1,4,R,5/16/2023 13:00,5/16/2023 14:00,TRHU637315
162,1,4,R,5/16/2023 13:00,5/16/2023 14:00,TRLU943822
118,2,3,R,5/16/2023 16:00,5/16/2023 17:00,TCLU544560
142,2,2,R,5/16/2023 14:00,5/16/2023 15:00,UACU517944
134,1,2,R,5/16/2023 13:00,5/16/2023 14:00,HLBU108820
86,5,5,R,5/16/2023 17:00,5/16/2023 17:00,OOCU711850
66,1,4,R,5/16/2023 14:00,5/16/2023 15:00,CAAU629048
98,1,4,R,5/16/2023 15:00,5/16/2023 16:00,CMAU374475
145,1,4,R,5/16/2023 15:00,5/16/2023 16:00,FCIU331935
118,5,5,R,5/16/2023 15:00,5/16/2023 17:00,CMAU559611
147,1,4,R,5/16/2023 15:00,5/16/2023 16:00,CMAU154105
106,1,4,R,5/16/2023 21:00,5/16/2023 22:00,HLBU188286
98,1,5,R,5/16/2023 21:00,5/16/2023 22:00,UACU525278
154,1,2,R,5/16/2023 16:00,5/16/2023 17:00,SEKU576736
162,1,3,R,5/16/2023 16:00,5/16/2023 17:00,HCIU802203
166,1,4,R,5/16/2023 15:00,5/16/2023 16:00,CMAU460998
58,1,3,R,5/16/2023 16:00,5/16/2023 17:00,CAAU555120
142,3,2,R,5/16/2023 20:00,5/16/2023 21:00,TCLU578187
69,1,3,R,5/16/2023 16:00,5/16/2023 17:00,CAIU255305
74,2,3,R,5/16/2023 17:00,5/16/2023 18:00,UACU833354
41,2,4,R,5/16/2023 17:00,5/16/2023 18:00,CMAU206483
110,3,2,R,5/16/2023 16:00,5/16/2023 17:00,TRHU496170
18,1,5,R,5/16/2023 19:00,5/16/2023 20:00,APZU582523
62,3,4,R,5/17/2023 14:00,5/17/2023 15:00,APZU473245
78,3,4,R,5/17/2023 14:00,5/17/2023 15:00,DFSU429444
42,1,3,R,5/16/2023 17:00,5/16/2023 18:00,SEKU627167
106,3,2,R,5/16/2023 18:00,5/16/2023 19:00,DFSU731480
86,5,5,R,5/16/2023 18:00,5/16/2023 19:00,OOCU711850
90,1,5,R,5/16/2023 19:00,5/16/2023 20:00,ECMU960112
50,1,2,R,5/16/2023 19:00,5/16/2023 20:00,SEKU623970
138,2,4,R,5/16/2023 21:00,5/16/2023 22:00,CMAU558181
22,1,5,R,5/16/2023 20:00,5/16/2023 21:00,FANU170071
46,1,3,R,5/16/2023 21:00,5/16/2023 22:00,SEKU629117
66,1,4,R,5/16/2023 22:00,5/16/2023 23:00,TXGU676742
166,1,5,R,5/16/2023 20:00,5/16/2023 21:00,FANU100761
26,1,3,R,5/16/2023 20:00,5/16/2023 21:00,NYKU432780
38,1,5,R,5/16/2023 23:00,5/17/2023 0:00,CMAU526891
18,1,3,R,5/17/2023 1:00,5/17/2023 2:00,CMAU845731
150,1,2,R,5/16/2023 21:00,5/16/2023 22:00,CMAU544350
158,1,2,R,5/17/2023 0:00,5/17/2023 1:00,CMAU698011
150,1,4,R,5/16/2023 22:00,5/16/2023 23:00,TGBU507240
38,1,5,R,5/16/2023 23:00,5/17/2023 0:00,CMAU526891
34,1,4,R,5/16/2023 21:00,5/16/2023 22:00,CMAU934367
154,1,3,R,5/17/2023 1:00,5/17/2023 2:00,CMAU898777
166,1,5,R,5/16/2023 21:00,5/16/2023 22:00,FANU100761
142,3,2,R,5/16/2023 23:00,5/17/2023 0:00,TCLU578187
166,1,5,R,5/16/2023 23:00,5/17/2023 0:00,FANU100761
26,2,3,R,5/16/2023 23:00,5/17/2023 0:00,TEMU694352
142,2,2,R,5/17/2023 11:00,5/17/2023 12:00,CMAU617204
114,2,3,R,5/17/2023 12:00,5/17/2023 13:00,SEKU453818
35,1,5,R,5/17/2023 0:00,5/17/2023 1:00,MOTU150769
26,1,3,R,5/17/2023 0:00,5/17/2023 1:00,NYKU432780
38,1,5,R,5/17/2023 1:00,5/17/2023 2:00,CMAU526891
66,1,4,R,5/17/2023 4:00,5/17/2023 5:00,TXGU676742
50,2,3,R,5/17/2023 2:00,5/17/2023 3:00,SEKU585527
70,2,5,R,5/17/2023 3:00,5/17/2023 5:00,TCNU531365
118,1,3,R,5/17/2023 12:00,5/17/2023 13:00,CMAU623265
126,1,4,R,5/17/2023 14:00,5/17/2023 15:00,TCNU339604
38,1,3,R,5/17/2023 13:00,5/17/2023 14:00,TRHU715047
158,2,5,R,5/17/2023 13:00,5/17/2023 14:00,TCNU877953
150,1,3,R,5/17/2023 14:00,5/17/2023 15:00,SMLU770322
74,1,3,R,5/17/2023 14:00,5/17/2023 15:00,CMAU652027
118,2,5,R,5/17/2023 23:00,5/18/2023 0:00,CMAU956208
103,1,3,R,5/17/2023 15:00,5/17/2023 16:00,CAAU209338
118,1,5,R,5/17/2023 22:00,5/17/2023 23:00,CMAU937925
26,2,2,R,5/18/2023 0:00,5/18/2023 1:00,CMAU856380
166,1,5,R,5/17/2023 15:00,5/17/2023 17:00,CAAU626165
138,1,5,R,5/17/2023 15:00,5/17/2023 17:00,APZU578656
42,1,3,R,5/17/2023 14:00,5/17/2023 15:00,SEKU627167
126,1,3,R,5/18/2023 11:00,5/18/2023 12:00,CMAU697078
174,2,4,R,5/17/2023 15:00,5/17/2023 16:00,TGHU918376
122,2,3,R,5/17/2023 15:00,5/17/2023 16:00,CMAU445683
86,2,5,R,5/17/2023 15:00,5/17/2023 17:00,HLBU157966
106,1,2,R,5/17/2023 16:00,5/17/2023 17:00,CMAU589829
151,2,3,R,5/17/2023 19:00,5/17/2023 20:00,YMLU339571
74,1,2,R,5/17/2023 18:00,5/17/2023 19:00,GLDU764729
110,2,2,R,5/17/2023 17:00,5/17/2023 18:00,UETU590553
138,2,4,R,5/17/2023 15:00,5/17/2023 16:00,CMAU558181
71,1,3,R,5/17/2023 16:00,5/17/2023 17:00,HLXU329872
154,1,4,R,5/17/2023 17:00,5/17/2023 18:00,TIIU406226
114,2,3,R,5/17/2023 16:00,5/17/2023 17:00,SEKU453818
126,2,2,R,5/17/2023 16:00,5/17/2023 17:00,CMAU895461
98,1,4,R,5/17/2023 16:00,5/17/2023 17:00,CMAU374475
90,2,5,R,5/17/2023 17:00,5/17/2023 17:00,FANU121358
174,1,3,R,5/17/2023 17:00,5/17/2023 18:00,TCNU239429
138,2,2,R,5/17/2023 17:00,5/17/2023 18:00,CMAU614127
158,1,2,R,5/18/2023 11:00,5/18/2023 12:00,NYKU499527
150,3,5,R,5/17/2023 17:00,5/17/2023 18:00,SMLU789985
86,1,3,R,5/17/2023 18:00,5/17/2023 19:00,CAAU632310
103,1,3,R,5/17/2023 17:00,5/17/2023 18:00,CAAU209338
90,1,5,R,5/17/2023 18:00,5/17/2023 19:00,CMAU578352
150,1,4,R,5/17/2023 18:00,5/17/2023 19:00,TGBU507240
130,1,2,R,5/17/2023 18:00,5/17/2023 19:00,CMAU873481
110,1,2,R,5/17/2023 21:00,5/17/2023 22:00,APHU663552
122,1,2,R,5/17/2023 18:00,5/17/2023 19:00,CMAU625723
106,2,4,R,5/17/2023 19:00,5/17/2023 20:00,FDCU017249
110,1,5,R,5/17/2023 18:00,5/17/2023 19:00,HLXU827266
95,1,5,R,5/17/2023 22:00,5/17/2023 23:00,NYKU551876
90,2,5,R,5/17/2023 18:00,5/17/2023 19:00,FANU121358
142,1,2,R,5/17/2023 18:00,5/17/2023 19:00,CXDU177982
130,2,3,R,5/17/2023 19:00,5/17/2023 20:00,SMLU794601
110,1,5,R,5/17/2023 18:00,5/17/2023 19:00,HLXU827266
46,1,2,R,5/17/2023 19:00,5/17/2023 20:00,CAIU941443
14,1,4,R,5/18/2023 11:00,5/18/2023 12:00,SEGU497802
30,1,3,R,5/18/2023 11:00,5/18/2023 12:00,BMOU640561
145,1,2,R,5/17/2023 20:00,5/17/2023 21:00,HLXU348837
81,1,4,R,5/17/2023 21:00,5/17/2023 22:00,HLXU129832
110,1,5,R,5/17/2023 20:00,5/17/2023 21:00,HLXU827266
142,1,3,R,5/17/2023 20:00,5/17/2023 21:00,SMLU850853
134,2,3,R,5/17/2023 20:00,5/17/2023 21:00,DRYU909075
154,1,3,R,5/17/2023 21:00,5/17/2023 22:00,TLLU500092
138,1,3,R,5/17/2023 20:00,5/17/2023 21:00,BEAU413787
174,2,3,R,5/17/2023 20:00,5/17/2023 21:00,CMAU686786
126,2,4,R,5/18/2023 13:00,5/18/2023 14:00,OOCU821428
86,1,3,R,5/17/2023 21:00,5/17/2023 22:00,CAAU632310
62,2,5,R,5/17/2023 21:00,5/17/2023 22:00,HLBU176115
174,1,2,R,5/17/2023 22:00,5/17/2023 23:00,TOLU877329
98,1,2,R,5/18/2023 7:00,5/18/2023 8:00,FCIU910207
122,1,5,R,5/17/2023 21:00,5/17/2023 22:00,FDCU059521
78,1,4,R,5/18/2023 13:00,5/18/2023 14:00,TCNU789417
162,1,3,R,5/18/2023 13:00,5/18/2023 14:00,GAOU606537
126,2,4,R,5/17/2023 23:00,5/18/2023 0:00,CMAU765976
150,1,5,R,5/17/2023 22:00,5/17/2023 23:00,SMLU797663
138,1,3,R,5/17/2023 22:00,5/17/2023 23:00,BEAU413787
75,1,5,R,5/18/2023 11:00,5/18/2023 12:00,CMAU798555
94,1,3,R,5/18/2023 12:00,5/18/2023 13:00,SKIU907148
134,2,3,R,5/17/2023 22:00,5/17/2023 23:00,DRYU909075
66,1,4,R,5/17/2023 23:00,5/18/2023 0:00,TXGU676742
162,2,5,R,5/18/2023 0:00,5/18/2023 1:00,TRHU870691
62,1,3,R,5/18/2023 11:00,5/18/2023 12:00,FANU186203
162,2,5,R,5/18/2023 2:00,5/18/2023 3:00,TRHU870691
130,1,5,R,5/18/2023 11:00,5/18/2023 12:00,CMAU558868
26,2,2,R,5/18/2023 14:00,5/18/2023 15:00,CMAU856380
66,1,2,R,5/18/2023 13:00,5/18/2023 14:00,TCKU627427
98,1,3,R,5/18/2023 14:00,5/18/2023 15:00,UACU837994
98,1,5,R,5/18/2023 13:00,5/18/2023 14:00,ONEU003988
154,1,2,R,5/18/2023 13:00,5/18/2023 14:00,TRHU804276
121,1,4,R,5/18/2023 14:00,5/18/2023 15:00,HLBU229573
138,1,4,R,5/18/2023 14:00,5/18/2023 15:00,KOCU495283
82,1,3,R,5/18/2023 19:00,5/18/2023 20:00,TLLU798445
158,1,2,R,5/18/2023 15:00,5/18/2023 16:00,NYKU499527
155,1,5,R,5/18/2023 14:00,5/18/2023 15:00,TCLU972656
150,1,4,R,5/18/2023 14:00,5/18/2023 15:00,CMAU476645
174,1,3,R,5/18/2023 14:00,5/18/2023 15:00,TCLU781341
123,1,2,R,5/18/2023 14:00,5/18/2023 15:00,SEGU273727
138,1,3,R,5/18/2023 15:00,5/18/2023 16:00,KOCU463286
150,1,3,R,5/18/2023 15:00,5/18/2023 16:00,ONEU032615
121,1,5,R,5/18/2023 15:00,5/18/2023 17:00,TGBU261693
78,1,2,R,5/18/2023 15:00,5/18/2023 16:00,FWRU014261
71,1,3,R,5/18/2023 16:00,5/18/2023 17:00,HLXU329872
18,2,5,R,5/18/2023 15:00,5/18/2023 17:00,TLLU788777
14,1,4,R,5/18/2023 14:00,5/18/2023 15:00,SEGU497802
145,1,3,R,5/18/2023 16:00,5/18/2023 17:00,TEMU116750
102,1,2,R,5/18/2023 16:00,5/18/2023 17:00,KKFU793316
42,1,2,R,5/18/2023 16:00,5/18/2023 17:00,CMAU615952
118,1,3,R,5/18/2023 17:00,5/18/2023 18:00,CMAU422635
142,1,4,R,5/18/2023 17:00,5/18/2023 18:00,CBHU956016
82,2,2,R,5/18/2023 15:00,5/18/2023 16:00,CMAU373958
14,1,2,R,5/18/2023 15:00,5/18/2023 16:00,TCKU433310
150,1,2,R,5/18/2023 17:00,5/18/2023 18:00,CMAU560048
126,2,5,R,5/18/2023 17:00,5/18/2023 17:00,FDCU059716
106,1,4,R,5/18/2023 17:00,5/18/2023 18:00,BMOU661911
90,2,3,R,5/18/2023 17:00,5/18/2023 18:00,TRHU569399
86,1,3,R,5/18/2023 17:00,5/18/2023 18:00,TEXU157466
38,1,3,R,5/18/2023 17:00,5/18/2023 18:00,CSNU689397
62,1,5,R,5/18/2023 17:00,5/18/2023 18:00,SEKU632169
134,1,3,R,5/18/2023 17:00,5/18/2023 18:00,TEMU867330
86,1,4,R,5/18/2023 17:00,5/18/2023 18:00,FANU126294
158,1,2,R,5/18/2023 17:00,5/18/2023 18:00,NYKU499527
121,1,5,R,5/18/2023 17:00,5/18/2023 18:00,TGBU261693
138,1,2,R,5/18/2023 18:00,5/18/2023 19:00,TCNU754487
114,1,4,R,5/18/2023 22:00,5/18/2023 23:00,UACU826489
50,2,2,R,5/19/2023 11:00,5/19/2023 12:00,ONEU017132
118,1,5,R,5/18/2023 18:00,5/18/2023 19:00,CMAU932673
14,1,2,R,5/18/2023 18:00,5/18/2023 19:00,TCKU433310
82,1,4,R,5/18/2023 18:00,5/18/2023 19:00,YMLU894197
121,1,3,R,5/18/2023 19:00,5/18/2023 20:00,TCKU338269
82,2,2,R,5/18/2023 18:00,5/18/2023 19:00,CMAU373958
78,1,2,R,5/18/2023 18:00,5/18/2023 19:00,FWRU014261
145,1,2,R,5/18/2023 19:00,5/18/2023 20:00,MOAU067842
123,1,5,R,5/18/2023 19:00,5/18/2023 20:00,FCIU617835
126,1,5,R,5/18/2023 19:00,5/18/2023 20:00,TGBU635616
118,1,2,R,5/18/2023 19:00,5/18/2023 20:00,CSLU612488
115,1,5,R,5/18/2023 21:00,5/18/2023 22:00,CBHU889380
110,1,2,R,5/19/2023 9:00,5/19/2023 10:00,TRHU827505
90,1,5,R,5/18/2023 20:00,5/18/2023 21:00,FCLU951690
90,2,5,R,5/18/2023 19:00,5/18/2023 20:00,TRLU733665
158,1,2,R,5/18/2023 19:00,5/18/2023 20:00,NYKU499527
142,1,4,R,5/18/2023 19:00,5/18/2023 20:00,CBHU956016
22,1,2,R,5/19/2023 11:00,5/19/2023 12:00,TCLU668585
66,1,4,R,5/19/2023 11:00,5/19/2023 12:00,TGBU467682
126,2,5,R,5/18/2023 19:00,5/18/2023 20:00,FDCU059716
80,2,2,R,5/18/2023 20:00,5/18/2023 21:00,UETU549082
90,1,2,R,5/18/2023 20:00,5/18/2023 21:00,APZU475209
66,1,2,R,5/18/2023 23:00,5/19/2023 0:00,TCLU409092
114,1,3,R,5/18/2023 21:00,5/18/2023 22:00,KOCU451821
26,1,4,R,5/18/2023 22:00,5/18/2023 23:00,UACU829199
162,1,2,R,5/19/2023 11:00,5/19/2023 12:00,TRLU641769
94,1,2,R,5/18/2023 22:00,5/18/2023 23:00,FANU166133
121,1,2,R,5/18/2023 22:00,5/18/2023 23:00,APZU387886
98,2,2,R,5/18/2023 21:00,5/18/2023 22:00,TCNU176234
78,1,5,R,5/18/2023 22:00,5/18/2023 23:00,CAIU512338
114,2,3,R,5/18/2023 22:00,5/18/2023 23:00,TCNU705481
46,1,4,R,5/18/2023 22:00,5/18/2023 23:00,OOLU775156
90,2,5,R,5/18/2023 21:00,5/18/2023 22:00,TRLU733665
74,2,4,R,5/18/2023 22:00,5/18/2023 23:00,TEMU767165
62,1,3,R,5/18/2023 23:00,5/19/2023 0:00,OOCU672626
166,1,2,R,5/18/2023 23:00,5/19/2023 0:00,TCLU152767
95,1,5,R,5/19/2023 10:00,5/19/2023 11:00,TEMU706591
106,1,3,R,5/19/2023 17:00,5/19/2023 18:00,TGCU022577
134,1,2,R,5/19/2023 13:00,5/19/2023 14:00,APHU649919
126,1,3,R,5/19/2023 13:00,5/19/2023 14:00,FFAU421854
22,2,3,R,5/19/2023 12:00,5/19/2023 13:00,GAOU656224
69,1,5,R,5/19/2023 14:00,5/19/2023 15:00,BEAU261576
98,1,3,R,5/19/2023 14:00,5/19/2023 15:00,OOLU790223
95,1,5,R,5/19/2023 15:00,5/19/2023 17:00,TEMU706591
14,2,3,R,5/19/2023 13:00,5/19/2023 14:00,FFAU286932
38,1,4,R,5/19/2023 14:00,5/19/2023 15:00,SEKU586166
18,1,5,R,5/19/2023 13:00,5/19/2023 14:00,BSIU817758
150,1,4,R,5/19/2023 15:00,5/19/2023 16:00,BEAU560803
78,2,3,R,5/19/2023 14:00,5/19/2023 15:00,CGIU421737
50,1,3,R,5/19/2023 14:00,5/19/2023 15:00,ONEU011133
10,2,5,R,5/19/2023 13:00,5/19/2023 14:00,TDRU952899
26,1,5,R,5/19/2023 14:00,5/19/2023 15:00,TRHU775588
71,1,5,R,5/19/2023 14:00,5/19/2023 15:00,YMMU123635
154,1,2,R,5/19/2023 14:00,5/19/2023 15:00,OOCU710138
22,1,5,R,5/19/2023 14:00,5/19/2023 15:00,BEAU578532
6,1,3,R,5/19/2023 15:00,5/19/2023 16:00,YMLU870485
138,1,3,R,5/19/2023 14:00,5/19/2023 15:00,TRHU426863
26,1,3,R,5/19/2023 14:00,5/19/2023 15:00,SEKU450366
175,1,5,R,5/19/2023 15:00,5/19/2023 17:00,TRHU892555
34,1,4,R,5/20/2023 10:00,5/20/2023 11:00,TXGU714393
50,1,2,R,5/19/2023 15:00,5/19/2023 16:00,SEGU643150
86,1,4,R,5/19/2023 15:00,5/19/2023 16:00,HMMU641739
34,1,3,R,5/19/2023 15:00,5/19/2023 16:00,YMLU903354
50,1,5,R,5/19/2023 15:00,5/19/2023 17:00,UETU501257
66,1,3,R,5/19/2023 15:00,5/19/2023 16:00,HLXU802731
102,1,4,R,5/19/2023 15:00,5/19/2023 16:00,TGBU634535
15,2,5,R,5/19/2023 18:00,5/19/2023 19:00,HLBU125535
55,2,5,R,5/19/2023 17:00,5/19/2023 17:00,UACU852560
30,1,3,R,5/19/2023 15:00,5/19/2023 16:00,KKFU780014
154,1,3,R,5/19/2023 15:00,5/19/2023 16:00,ECMU992647
150,1,2,R,5/19/2023 16:00,5/19/2023 17:00,BSIU983007
162,1,3,R,5/19/2023 16:00,5/19/2023 17:00,SEGU505302
110,2,5,R,5/19/2023 17:00,5/19/2023 18:00,HLBU108996
142,1,4,R,5/19/2023 16:00,5/19/2023 17:00,UACU845101
145,1,2,R,5/19/2023 17:00,5/19/2023 18:00,BEAU223879
94,1,3,R,5/19/2023 17:00,5/19/2023 18:00,TCKU654517
94,1,4,R,5/19/2023 16:00,5/19/2023 17:00,SEGU561834
2,1,5,R,5/19/2023 17:00,5/19/2023 18:00,TLLU781337
106,2,5,R,5/19/2023 17:00,5/19/2023 17:00,SEKU555555
46,2,3,R,5/19/2023 22:00,5/19/2023 23:00,GAOU681202
118,1,3,R,5/19/2023 17:00,5/19/2023 18:00,TRHU728042
10,2,2,R,5/19/2023 22:00,5/19/2023 23:00,SEGU418453
66,2,5,R,5/20/2023 1:00,5/20/2023 2:00,HPCU537253
10,1,5,R,5/20/2023 1:00,5/20/2023 2:00,BMOU607287
94,2,4,R,5/19/2023 18:00,5/19/2023 19:00,HLXU814315
10,1,2,R,5/19/2023 18:00,5/19/2023 19:00,TCNU267834
118,1,5,R,5/19/2023 17:00,5/19/2023 18:00,CBHU901809
38,2,5,R,5/19/2023 18:00,5/19/2023 19:00,SEKU580677
158,1,4,R,5/19/2023 17:00,5/19/2023 18:00,CMAU694809
15,1,5,R,5/19/2023 18:00,5/19/2023 19:00,YMMU510315
174,1,4,R,5/19/2023 19:00,5/19/2023 20:00,TEMU755994
134,1,4,R,5/19/2023 19:00,5/19/2023 20:00,FFAU210887
62,1,5,R,5/19/2023 19:00,5/19/2023 20:00,FSCU595703
98,1,5,R,5/20/2023 18:00,5/20/2023 19:00,BSIU950056
102,1,4,R,5/19/2023 18:00,5/19/2023 19:00,TGBU634535
118,1,2,R,5/19/2023 22:00,5/19/2023 23:00,TGBU533016
102,1,3,R,5/19/2023 18:00,5/19/2023 19:00,CMAU871765
90,1,2,R,5/19/2023 19:00,5/19/2023 20:00,KOCU508774
118,1,3,R,5/19/2023 19:00,5/19/2023 20:00,TRHU728042
86,1,5,R,5/19/2023 19:00,5/19/2023 20:00,SEKU606182
90,1,3,R,5/19/2023 21:00,5/19/2023 22:00,TCLU654893
106,2,5,R,5/19/2023 19:00,5/19/2023 20:00,SEKU555555
110,1,5,R,5/19/2023 19:00,5/19/2023 20:00,HLXU827266
42,1,2,R,5/19/2023 19:00,5/19/2023 20:00,CMAU562133
82,1,5,R,5/19/2023 19:00,5/19/2023 20:00,FSCU802758
134,2,3,R,5/19/2023 19:00,5/19/2023 20:00,DRYU909075
6,1,4,R,5/21/2023 14:00,5/21/2023 15:00,CLHU461496
42,1,3,R,5/21/2023 14:00,5/21/2023 15:00,APZU477770
30,1,5,R,5/21/2023 14:00,5/21/2023 15:00,TGHU512390
58,1,2,R,5/21/2023 14:00,5/21/2023 15:00,CMAU641110
42,1,4,R,5/21/2023 14:00,5/21/2023 15:00,APZU440255
6,2,5,R,5/21/2023 14:00,5/21/2023 15:00,CMAU832602
150,1,4,R,5/20/2023 13:00,5/20/2023 14:00,BEAU560803
14,1,2,R,5/19/2023 19:00,5/19/2023 20:00,TCKU433310
82,2,2,R,5/19/2023 19:00,5/19/2023 20:00,CMAU373958
142,1,4,R,5/19/2023 20:00,5/19/2023 21:00,UACU845101
98,2,2,R,5/19/2023 20:00,5/19/2023 21:00,TCNU176234
74,1,4,R,5/19/2023 20:00,5/19/2023 21:00,CMAU461071
102,1,4,R,5/19/2023 20:00,5/19/2023 21:00,TGBU634535
14,1,3,R,5/19/2023 20:00,5/19/2023 21:00,CMAU712425
102,1,3,R,5/19/2023 20:00,5/19/2023 21:00,CMAU871765
115,1,5,R,5/19/2023 21:00,5/19/2023 22:00,TCLU958231
158,1,4,R,5/19/2023 20:00,5/19/2023 21:00,CMAU694809
66,1,2,R,5/19/2023 22:00,5/19/2023 23:00,TCLU409092
78,2,4,R,5/19/2023 22:00,5/19/2023 23:00,PCIU460731
135,1,5,R,5/19/2023 22:00,5/19/2023 23:00,CAIU529835
147,2,2,R,5/19/2023 21:00,5/19/2023 22:00,DFJU263126
14,1,3,R,5/19/2023 21:00,5/19/2023 22:00,CMAU712425
110,1,5,R,5/19/2023 22:00,5/19/2023 23:00,TGHU530835
118,1,3,R,5/19/2023 23:00,5/20/2023 0:00,TRHU728042
106,2,5,R,5/19/2023 22:00,5/19/2023 23:00,SEKU555555
147,1,4,R,5/19/2023 23:00,5/20/2023 0:00,DFJU263143
170,1,4,R,5/19/2023 23:00,5/20/2023 0:00,CGMU550745
158,1,4,R,5/19/2023 23:00,5/20/2023 0:00,CMAU694809
90,2,4,R,5/20/2023 16:00,5/20/2023 17:00,YMMU633142
66,1,2,R,5/20/2023 1:00,5/20/2023 2:00,TCLU409092
106,1,5,R,5/20/2023 15:00,5/20/2023 17:00,NYKU587273
34,1,4,R,5/20/2023 22:00,5/20/2023 23:00,TXGU714393
150,1,4,R,5/20/2023 22:00,5/20/2023 23:00,BEAU560803
14,1,3,R,5/21/2023 17:00,5/21/2023 18:00,HMMU601369
66,1,2,R,5/21/2023 21:00,5/21/2023 22:00,TCLU409092
135,1,5,R,5/21/2023 21:00,5/21/2023 22:00,CAIU529835
115,1,5,R,5/22/2023 12:00,5/22/2023 13:00,KOCU526398
154,1,4,R,5/22/2023 13:00,5/22/2023 14:00,TCNU219254
138,1,5,R,5/22/2023 13:00,5/22/2023 14:00,TCLU660100
138,1,5,R,5/22/2023 14:00,5/22/2023 15:00,TCLU660100
42,1,2,R,5/22/2023 14:00,5/22/2023 15:00,HLXU807183
38,1,4,R,5/22/2023 14:00,5/22/2023 15:00,TCLU508254
10,1,3,R,5/22/2023 14:00,5/22/2023 15:00,CMAU430888
138,1,2,R,5/22/2023 14:00,5/22/2023 15:00,FANU100926
130,1,5,R,5/22/2023 14:00,5/22/2023 15:00,CMAU797585
50,1,5,R,5/22/2023 14:00,5/22/2023 15:00,TCNU191815
26,1,3,R,5/22/2023 15:00,5/22/2023 16:00,HLXU842875
90,1,5,R,5/22/2023 17:00,5/22/2023 17:00,HMMU637979
126,1,2,R,5/22/2023 15:00,5/22/2023 16:00,NIDU520447
30,2,5,R,5/22/2023 17:00,5/22/2023 17:00,HLBU151388
66,1,3,R,5/22/2023 16:00,5/22/2023 17:00,UACU855192
30,1,3,R,5/22/2023 16:00,5/22/2023 17:00,HLXU813203
86,1,3,R,6/6/2023 13:00,6/6/2023 14:00,CAAU632310
58,2,5,R,6/19/2023 14:00,6/19/2023 15:00,KOCU591755
52,3,5,R,6/20/2023 11:00,6/20/2023 12:00,CMAU727585
52,3,5,R,6/20/2023 13:00,6/20/2023 14:00,CMAU727585
123,1,5,R,6/20/2023 17:00,6/20/2023 18:00,CMAU022958
157,1,4,R,6/20/2023 17:00,6/20/2023 18:00,FCIU546937
61,2,4,R,6/21/2023 15:00,6/21/2023 16:00,CAIU267724
46,2,3,R,6/21/2023 18:00,6/21/2023 19:00,HLBU312598
30,1,5,R,6/22/2023 17:00,6/22/2023 18:00,UACU538527
90,1,3,R,7/8/2023 18:00,7/8/2023 19:00,DFSU745232
90,1,3,R,7/8/2023 20:00,7/8/2023 21:00,DFSU745232
158,2,3,R,7/9/2023 12:00,7/9/2023 13:00,BMOU670046
77,1,4,R,7/21/2023 11:00,7/21/2023 12:00,HLXU106796
77,1,4,R,7/21/2023 14:00,7/21/2023 15:00,HLXU106796
130,1,4,R,7/21/2023 16:00,7/21/2023 17:00,DFSU747937
150,1,4,R,7/25/2023 14:00,7/25/2023 15:00,UACU852256
138,1,3,R,7/25/2023 16:00,7/25/2023 17:00,SEGU682358
83,2,4,R,7/25/2023 18:00,7/25/2023 19:00,FBIU050411
55,2,5,R,7/26/2023 17:00,7/26/2023 18:00,OOLU968587
154,2,3,R,8/1/2023 11:00,8/1/2023 12:00,UACU584872
118,1,4,R,7/31/2023 22:00,7/31/2023 23:00,FCIU901977
118,1,4,R,8/1/2023 13:00,8/1/2023 14:00,FCIU901977
154,2,3,R,8/1/2023 14:00,8/1/2023 15:00,UACU584872
